ID Units,NomeUnidade: ,Latitude,Longitude,QTD Serviços
5750637c8c36c71ba4000029,10ª Ciretran - Sede,-9.646375,-35.728146,0
593974fe8c36c7335d4d8d71,10ª Gerência Regional de Educação,-9.057048799503717,-35.398114174604416,20
5750698c8c36c71ba4000033,11ª CIRETRAN - Atalaia,-9.646375,-35.728146,0
59397b068c36c739a15b262d,11ª Gerência Regional de Educação,-9.613313862433058,-37.76615872979164,21
575069c78c36c71ba4000034,12ª CIRETRAN - Girau do Ponciano,-9.646375,-35.728146,0
59397cbc8c36c739a15b2632,12ª Gerência Regional de Educação,-9.487603923389585,-35.85331857204437,21
57506a028c36c71ba4000035,13ª CIRETRAN - Coruripe,-9.646375,-35.728146,0
59397dbc8c36c739a15b2633,13ª Gerência Regional de Educação,-9.640374920992661,-35.7361114025116,18
575066dd8c36c71ba400002a,1ª CIRETRAN - Matriz de Camaragibe,-9.646375,-35.728146,0
59385ee78c36c713c4fdf379,1ª Gerência Regional de Educação,-9.671748454659541,-35.717633664608,21
5750673b8c36c71ba400002b,2ª CIRETRAN -  Penedo,-9.646375,-35.728146,0
593860318c36c713c4fdf37a,2ª Gerência Regional de Educação,-9.780534892526786,-36.09753370285034,21
575067cf8c36c71ba400002c,3ª CIRETRAN - União dos Palmares,-9.646375,-35.728146,0
593863dc8c36c71f328eac8b,3ª Gerência Regional de Educação,-9.409448500814191,-36.62728741765022,21
575068068c36c71ba400002d,4ª CIRETRAN - Santana do Ipanema,-9.646375,-35.728146,0
5938660a8c36c71f328eac90,4ª Gerência Regional de Educação,-9.371882136574522,-36.24471589922905,21
575068608c36c71ba400002e,5ª CIRETRAN - Arapiraca,-9.646375,-35.728146,0
59386a4f8c36c71f328eac92,5ª Gerência Regional de Educação,-9.752882703437708,-36.658519729971886,21
5750689f8c36c71ba400002f,6ª CIRETRAN - Palmeira dos Índios,-9.646375,-35.728146,0
59386e068c36c71f328eac93,6ª Gerência Regional de Educação,-9.371296750729195,-37.238623201847076,21
575068d48c36c71ba4000030,7ª CIRETRAN - Delmiro Gouveia,-9.646375,-35.728146,0
593870518c36c71f328eac94,7ª Gerência Regional de Educação,-9.161820828422933,-36.032001972198486,21
575069168c36c71ba4000031,8ª CIRETRAN - Central Já! São Miguel dos Campos,-9.780252067342628,-36.09733521938324,19
59396d978c36c7335d4d8d69,8ª Gerência Regional de Educação,-9.749356065475332,-37.43655011057854,21
575069518c36c71ba4000032,9ª CIRETRAN - Viçosa,-9.646375,-35.728146,0
593971458c36c7335d4d8d6d,9ª Gerência Regional de Educação,-10.284158172673344,-36.57269507646561,21
595d494e8c36c7780a43efdb,ADALBERTO MARROQUIM,-9.672560187849784,-37.125263661146164,0
5757f0388c36c75fd9000000,ADEAL - Central Já! São Miguel dos Campos,-9.78038951512574,-36.09731912612915,1
5757f07e8c36c75fd9000001,ADEAL - Maceió,-9.646375,-35.728146,0
596002548c36c7147542b529,ALBERTO TORRES,-9.62720060383077,-35.75118005275726,0
596017ff8c36c7147542b533,ALFREDO GASPAR DE MENDONÇA,-9.584109438773437,-35.76525963842869,0
595d72358c36c77d1a2a51b0,ALFREDO RÊGO,-10.128683715264575,-36.65628679096699,0
599b260c8c36c708f741dc09,ALMEIDA CAVALCANTE,-9.407752862652499,-36.62895441055298,0
595e52248c36c71089075254,AMBRÓSIO LIRA,-9.242647884562198,-35.48964321613312,0
5965797d8c36c739f7c9d347,ANA LINS,-9.779964483975808,-36.099223494529724,0
599b27b48c36c708f741dc0a,ANTÔNIA MACEDO,-9.400735245570468,-36.62459313869476,0
595cf9ec8c36c73f1331e292,ANTÔNIO VASCO,-9.564478319898422,-35.65582484006882,0
595d73bc8c36c77d1a2a51b1,ANÁLIA TENÓRIO,-10.057448191270412,-36.813331469893456,0
5995a2118c36c70b278e96a4,AQUILINA BULHÕES BARROS,-9.583985795687248,-35.765128545463085,0
595d2f608c36c74cfe2db2c9,ARISTHEU DE ANDRADE,-8.910299012278891,-35.724170207977295,0
57755fed8c36c71ed2000000,Alagoas Previdência  - Central Já! Arapiraca,-9.752773331122079,-36.65839296349861,3
57b5dd998c36c744de000004,Alagoas Previdência - Central Já! Maceió Shopping,-9.648741482366848,-35.715705156326294,3
577e90f28c36c719e8000000,Alagoas Previdência - Central Já! Shopping Farol,-9.628210776416038,-35.73843955993652,3
577560898c36c71ed2000001,Alagoas Previdência - Central Já! Shopping Pátio Maceió,-9.558378937305447,-35.74615120422095,3
59271f378c36c742928eb714,Alagoas Previdência - Unidade Sede,-9.669440304298815,-35.73596329817394,32
5989af7f8c36c72d6d5bfffa,Arquivo Público,-9.646375,-35.728146,0
599dc8278c36c73ba808f11d,Arsal Arapiraca,-9.748042785807964,-36.64896905422211,35
599dc7bf8c36c73ba808f11c,Arsal Maceió,-9.662462443057692,-35.740556581111946,34
57b1ee5c8c36c75e61000008,Associação Comercial - Central Já! Shopping Pátio Maceió,-9.558623465206175,-35.746378898620605,1
595e5e1c8c36c71089075255,BATISTA ACIOLY,-9.01340824024764,-35.22186018526554,0
599b28ab8c36c708f741dc0b,BELARMINO VIEIRA BARROS,-9.306533290825836,-36.86555441468954,0
595d4d928c36c7780a43efdc,BRAÚLIO CAVALCANTE,-9.749652662984717,-37.42970913648605,0
595cfcc08c36c73f1331e293,CAMPOS TEIXEIRA,-9.660710275243604,-35.7082050293684,0
595ab5bb8c36c762f3cf8284,CAPITÃO ÁLVARO VICTOR,-9.654467856041917,-35.75843542814255,0
595d31338c36c74cfe2db2ca,CARLOS LYRA,-9.011492944324136,-36.061369478702545,0
595d01f28c36c73f1331e294,CAS- CENTRO DE CAPTAÇÃO DOS PROFISSIONAIS E DE ATENDIMENTO ÀS PESSOAS COM SURDEZ – PROFª JOELINA CERQUEIRA,-9.652865454284113,-35.71072965860367,0
588a4ecd8c36c757d2b3248a,CASAL - Anadia,-9.682439616078016,-36.30381444861712,21
5889dc018c36c76b1a636459,CASAL - Arapiraca (sede),-9.756879975842143,-36.65913806686024,21
5889fd3c8c36c75430b6c895,CASAL - Belo Monte,-9.826270104415595,-37.279072254896164,20
5889fdbf8c36c75430b6c896,CASAL - Cacimbinhas,-9.401933781067155,-36.989480839928945,20
5757f14d8c36c75fd9000002,CASAL - Call center,-9.665267739274716,-35.73349088430405,5
5889f6608c36c75430b6c88c,CASAL - Canapí,-9.116377972766465,-37.60160438557335,20
588a4fd88c36c757d2b3248b,CASAL - Capela,-9.410852537785761,-36.07920389748199,21
5757f3d78c36c75fd9000005,CASAL - Central Já! Arapiraca,-9.752777230002033,-36.658445969223976,21
57b487c38c36c70422000000,CASAL - Central Já! Maceió Shopping,-9.648733549568833,-35.715710520744324,21
5757f2038c36c75fd9000004,CASAL - Central Já! Pátio Maceió,-9.558401287670717,-35.746153593063354,21
5757f1aa8c36c75fd9000003,CASAL - Central Já! Shopping Farol,-9.628205487562214,-35.738438218832016,21
5889f7908c36c75430b6c88d,CASAL - Delmiro  Gouveia,-9.385352618137462,-37.99560829997063,21
5889feb88c36c75430b6c897,CASAL - Dois Riachos,-9.385459443406651,-37.090154876350994,20
58b0372f8c36c7517357dfbc,CASAL - Escritório  Estrela de  Alagoas,-9.389351963589386,-36.76343458183999,9
5889f83d8c36c75430b6c88f,CASAL - Inhapí,-9.22078451598113,-37.750801729226396,20
5889ff708c36c75430b6c898,CASAL - Jacaré dos Homens,-9.635636245493792,-37.207812666893005,20
588a00188c36c75430b6c899,CASAL - Jaramataia,-9.658414068455215,-37.00209528207779,20
588a01488c36c75430b6c89b,CASAL - Major Izidoro,-9.531616074316963,-36.984790427776375,20
588a50598c36c757d2b3248c,CASAL - Mar Vermelho,-9.448228537701318,-36.38805524835209,21
588a01d88c36c75430b6c89c,CASAL - Maravilha,-9.230550286736067,-37.34986732928206,20
588a50e88c36c757d2b3248d,CASAL - Maribondo,-9.577255536102909,-36.305545969158516,21
5889f8f88c36c75430b6c890,CASAL - Mata Grande,-9.120749100123497,-37.7316924210528,20
588a51c38c36c757d2b3248e,CASAL - Minador do Negrão,-9.307537404118607,-36.86613754758457,21
588a02708c36c75430b6c89d,CASAL - Monteirópolis,-9.60292178323322,-37.2495343681058,20
588a034b8c36c75430b6c89e,CASAL - Olho D'água das Flores,-9.526259201405672,-37.29608005770103,20
5889f9a78c36c75430b6c891,CASAL - Olho D'água do Casado,-9.502805744887041,-37.830079976773504,21
588a042a8c36c75430b6c89f,CASAL - Olivença,-9.516399196389854,-37.19130501151085,20
588a04be8c36c75430b6c8a0,CASAL - Ouro Branco,-9.162205707084494,-37.355553609357685,20
588a055b8c36c75430b6c8a1,CASAL - Palestina,-9.672288865744617,-37.32864637567502,20
588a4e278c36c74ca19c05e5,CASAL - Palmeira  dos Índios,-9.409162487685425,-36.62558870270436,21
5889fa4f8c36c75430b6c892,CASAL - Pariconha,-9.253712796506987,-38.00498312006346,21
588a53018c36c757d2b32490,CASAL - Pindoba,-9.474500789388209,-36.28886758258989,21
5889faed8c36c75430b6c893,CASAL - Piranhas,-9.603648447042428,-37.77050122618675,21
588a06098c36c75430b6c8a2,CASAL - Poço das Trincheiras,-9.306682839482983,-37.285918703826155,20
588a06a38c36c75430b6c8a3,CASAL - Santana do Ipanema,-9.372512510279961,-37.24028751254082,21
588a00a68c36c75430b6c89a,CASAL - Senador Rui Palmeira,-9.464855354798896,-37.45644476853761,20
5889fc198c36c75430b6c894,CASAL - Unidade de Negócio Farol,-9.623984955802051,-35.741206258535385,21
5889f4bf8c36c75430b6c88b,CASAL - Água Branca,-9.263647738298213,-37.935997118155115,20
588a55bd8c36c76e1c8c5cd8,CASAL -Loja de Atendimento,-9.659387128985795,-35.738591104745865,21
588a525e8c36c757d2b3248f,CASAL -Paulo Jacinto,-9.369703327025436,-36.37174219456904,21
588a53e08c36c760e6301971,CASAL -Quebrangulo,-9.316759069000495,-36.46950857171635,21
594403328c36c71fa9328d7c,CASAL SURHU/GESMET/SUPBES/SUPMET,-9.646375,-35.728146,13
59bc338a8c36c766d446de21,CASAL _ GEDOP - SUPGEP,-9.646375,-35.728146,1
588a3e288c36c73d7377b431,CASAL – Barra de São Miguel,-9.842540473794463,-35.90322844684124,21
588a3ee18c36c73d7377b432,CASAL – Colônia Leopoldina,-8.911589482189802,-35.72158522903919,21
588a3f838c36c73d7377b433,CASAL – Coqueiro Seco,-9.637508466674962,-35.794612963233135,21
588a402c8c36c73d7377b434,CASAL – Flexeiras,-9.277971839596827,-35.723824923116354,21
588a40ce8c36c73d7377b435,CASAL – Ibateguara,-8.968431872731566,-35.92451512813568,21
588a41fb8c36c73d7377b436,CASAL – Jacuípe,-8.842320531638618,-35.45327346950097,21
588a428c8c36c73d7377b437,CASAL – Japaratinga,-9.086282576382327,-35.2588475938021,21
588a436d8c36c73d7377b438,CASAL – Joaquim Gomes,-9.137281593442305,-35.753394955343424,21
588a43fe8c36c73d7377b439,CASAL – Jundiá,-8.942689222000542,-35.554696172475815,21
588a44af8c36c73d7377b43a,CASAL – Maragogi,-9.01238304161801,-35.224360674619675,21
588a45498c36c73d7377b43b,CASAL – Matriz De Camaragibe,-9.152957754003673,-35.53116977958183,21
588a45d08c36c73d7377b43c,CASAL – Messias,-9.394453140332676,-35.83930268883705,21
588a46818c36c73d7377b43d,CASAL – Murici,-9.311367297882384,-35.94644486904144,20
588a47668c36c74ca19c05dd,CASAL – Novo Lino,-8.943054867299418,-35.66665560007095,21
588a48ce8c36c74ca19c05de,CASAL – Paripueira,-9.462171866876155,-35.54879213207977,21
588a4a128c36c74ca19c05df,CASAL – Passo de Camaragibe,-9.242065459192563,-35.48929989337921,21
588a4adf8c36c74ca19c05e0,CASAL – Pilar,-9.606097355353057,-35.95454916357994,21
588a4bc58c36c74ca19c05e1,CASAL – Porto de Pedras,-9.162744896000683,-35.29850132931125,21
588a4c4a8c36c74ca19c05e2,CASAL – Rio Largo,-9.48885002946623,-35.851468501080774,21
588a4cd38c36c74ca19c05e3,CASAL – Santa Luzia Do Norte,-9.594792810238445,-35.822978729497834,21
588a4d5d8c36c74ca19c05e4,CASAL – Satuba,-9.570984241985725,-35.82632313072628,21
588a55468c36c7673eddb659,CASAL- Loja do Benedito Bentes,-9.55779044272963,-35.74110643396,21
588a54ab8c36c7673eddb658,CASAL- Posto Tabuleiro,-9.578195678367406,-35.77137038111687,21
5889dd0b8c36c76b1a63645a,CASAL-Campo Alegre,-9.78667141581783,-36.35052740736643,20
5889e1068c36c76b1a63645b,CASAL-Campo Grande,-9.957506689221967,-36.79249639402849,20
5889e62c8c36c76b1a63645c,CASAL-Coité do Nóia,-9.634410569353268,-36.579893760836626,20
5889e6ed8c36c76b1a63645d,CASAL-Craibas,-9.619123834456317,-36.76521820272842,20
5889e7bc8c36c76b1a63645e,CASAL-Feira Grande,-9.900707796926294,-36.67838780821353,20
5889e8848c36c76b1a63645f,CASAL-Girau do Ponciano,-9.884460454753269,-36.82846076346573,20
5889e98c8c36c76b1a636460,CASAL-Igaci,-9.537820752105649,-36.632710280683796,20
5889ea4f8c36c76b1a636461,CASAL-Igreja Nova,-10.12744076898431,-36.65842713947609,20
5889eb0c8c36c76b1a636462,CASAL-Junqueiro,-9.923774590108073,-36.47267399355769,20
5889ebed8c36c76b1a636463,CASAL-Lagoa da Canoa,-9.828834263715956,-36.73681782576551,20
5889ed908c36c76b1a636464,CASAL-Olho D'Água Grande,-10.057485541648571,-36.813042156124766,20
5889ee328c36c76b1a636465,CASAL-Piaçabuçu,-10.405493008776977,-36.42992166628591,20
5889eecc8c36c75430b6c887,CASAL-São Brás,-10.12678129602304,-36.897843182086945,20
5889ef8a8c36c75430b6c888,CASAL-São Sebastião,-9.932496639260075,-36.5537148665187,20
5889f2e48c36c75430b6c889,CASAL-Taquarana,-9.645335650580577,-36.496490836143494,20
5889f3a18c36c75430b6c88a,CASAL-Traipu,-9.969812190680868,-37.004114985466,20
595d47588c36c74cfe2db2d6,CDR- CENTRO DE DESPORTO E RECREAÇÃO GOVERNADOR MANOEL GOMES DE BARROS / CDR - UNIÃO DOS PALMARES,-9.160593217759304,-36.03254176676273,0
5995e3b68c36c722dcb81b7c,CEEPTM Centro Estadual de Educação Profissional e Tecnológica de Maceió Dicionarista Aurélio Buarque de Holanda Ferreira,-9.640491271562787,-35.738176703453064,0
5995a8c08c36c70b278e96ab,CEL. FRANCISCO ALVES MATA,-9.626904427002655,-35.731936544179916,0
595ab8f38c36c762f3cf8286,CENTO EDUCACIONAL DE JOVENS E ADULTOS PAULO FREIRE –CEJA,-9.662596622252504,-35.737325102090836,0
595d026f8c36c73f1331e295,CENTRO  DE EDUC. ESPECIAL DE ALAGOAS PROFª WANDETE GOMES DE CASTRO,-9.660142306568435,-35.711335837841034,0
595ab74d8c36c762f3cf8285,CENTRO EST DE ATEND EDUCACIONAL ESPECIALIZADO PARA PESSOAS COM DEFICIÊNCIA VISUAL  CYRO ACCIOLY E CAP/AL,-9.668067338998682,-35.73923483490944,0
59658a668c36c73fccb67c95,CENTRO EST. DE ED. PROF E TECNOLÓGICA DE CORURIPE Mª ALICE BELTRÃO DE CASTRO SIQUEIRA,-10.128732562799499,-36.171956956386566,0
595aba6a8c36c762f3cf8287,CINCINATO PINTO,-9.646571062380755,-35.74357330799103,0
595aba6f8c36c762f3cf8288,CINCINATO PINTO,-9.646571062380755,-35.74357330799103,0
595e5f058c36c71089075256,CIRIDIÃO DURVAL,-9.159054726367001,-35.29623717069626,0
59a0299c8c36c74a80fe9a1d,COITÉ DAS PINHAS,-9.53803122380728,-36.63780704140663,0
595abbba8c36c762f3cf8289,COLÉGIO TIRADENTES POLÍCIA MILITAR,-9.673337017289176,-35.75451537966728,0
595d74cb8c36c77d1a2a51b2,COMEND. JOSÉ DA SILVA PEIXOTO,-10.284254236611766,-36.567091941833496,0
595d2be28c36c74cfe2db2c6,CONEGO JOSÉ BULHÕES,-9.387366450126608,-37.089441418647766,0
595d88f78c36c723488277d2,CONEGO TEOTONIO RIBEIRO,-10.282913562321687,-36.56537264585495,0
59a02aa88c36c74a80fe9a1e,CONSTANÇA DE GÓES MONTEIRO,-9.530399939245678,-36.991273909807205,0
595d75eb8c36c77d1a2a51b3,CORREIA TITARA,-10.407656247026262,-36.428797245025635,0
595286e0964b2c0c48568a2a,CRAS -  São Brás,-10.126060459691915,-36.8976916372776,3
595286e0964b2c0c48568a8d,CRAS -  São José da Tapera,-9.66025191950696,-35.7411439848862,3
595286e0964b2c0c48568a6c,CRAS - Anadia,-9.689619351544575,-36.30935713648796,3
595286e0964b2c0c48568a4f,CRAS - Arapiraca - Batingas,-9.801407783648896,-36.62143349647522,3
595286e0964b2c0c48568a90,CRAS - Arapiraca - Brasília,-9.752651666325407,-36.65100686252117,3
595286e0964b2c0c48568a8f,CRAS - Arapiraca - Canafístula,-9.760448420045572,-36.63419544696808,3
595286e0964b2c0c48568a34,CRAS - Arapiraca - João Paulo II,-9.772364583985539,-36.66304528713226,3
595286e0964b2c0c48568a71,CRAS - Arapiraca - Manoel Teles,-9.756937986974021,-36.671773195266724,3
595286e0964b2c0c48568a4e,CRAS - Arapiraca - Planalto,-9.727081952011073,-36.66530102491379,3
595286e0964b2c0c48568a33,CRAS - Arapiraca - Santa Edwiges,-9.738200953951512,-36.661615669727325,3
595286e0964b2c0c48568a72,CRAS - Arapiraca - Senador Nilo Coelho,-9.66025191950696,-35.7411439848862,3
595286e0964b2c0c48568a52,CRAS - Atalaia,-9.66025191950696,-35.7411439848862,3
595286e0964b2c0c48568aab,CRAS - Barra de Santo Antônio,-9.403804809019428,-35.50407350063324,3
595286e0964b2c0c48568a7d,CRAS - Barra de São Miguel,-9.66025191950696,-35.7411439848862,3
595286e0964b2c0c48568aa2,CRAS - Batalha,-9.674918697919205,-37.12460249662399,3
595286e0964b2c0c48568a3d,CRAS - Belo Monte,-9.66025191950696,-35.7411439848862,3
595286e0964b2c0c48568a60,CRAS - Belém,-9.66025191950696,-35.7411439848862,3
595286e0964b2c0c48568a4a,CRAS - Boca da Mata,-9.645504645438047,-36.20718030404532,3
595286e0964b2c0c48568a9f,CRAS - Branquinha,-9.66025191950696,-35.7411439848862,3
595286e0964b2c0c48568a93,CRAS - Cacimbinhas,-9.66025191950696,-35.7411439848862,3
595286e0964b2c0c48568a30,CRAS - Cajueiro,-9.66025191950696,-35.7411439848862,3
595286e0964b2c0c48568a87,CRAS - Cajueiro,-9.66025191950696,-35.7411439848862,3
595286e0964b2c0c48568a39,CRAS - Campestre,-8.851605588534897,-35.56701905602267,3
595286e0964b2c0c48568a31,CRAS - Campo Alegre,-9.899012102696313,-36.220445930957794,3
595286e0964b2c0c48568a4b,CRAS - Campo Alegre - Sebastião Oliveira Gomes,-9.896671036870172,-36.21921747922897,3
595286e0964b2c0c48568a5c,CRAS - Campo Grande,-9.66025191950696,-35.7411439848862,3
595286e0964b2c0c48568a28,CRAS - Canapi,-9.118092926278225,-37.60348543524742,3
595286e0964b2c0c48568a2e,CRAS - Carneiros,-9.66025191950696,-35.7411439848862,3
595286e0964b2c0c48568a38,CRAS - Chã Preta,-9.260967197553185,-36.295882007834734,3
595286e0964b2c0c48568a4c,CRAS - Coité do Nóia,-9.66025191950696,-35.7411439848862,3
595286e0964b2c0c48568a3e,CRAS - Colônia Leopoldina,-9.66025191950696,-35.7411439848862,3
595286e0964b2c0c48568aa1,CRAS - Coqueiro Seco,-9.66025191950696,-35.7411439848862,3
595286e0964b2c0c48568a79,CRAS - Coruripe,-9.66025191950696,-35.7411439848862,3
595286e0964b2c0c48568a91,CRAS - Craíbas,-9.66025191950696,-35.7411439848862,3
595286e0964b2c0c48568a5b,CRAS - Delmiro Gouveia,-9.66025191950696,-35.7411439848862,3
595286e0964b2c0c48568a5f,CRAS - Dois Riachos,-9.66025191950696,-35.7411439848862,3
595286e0964b2c0c48568a55,CRAS - Estrela de Alagoas,-9.66025191950696,-35.7411439848862,3
595286e0964b2c0c48568a69,CRAS - Feira Grande,-9.66025191950696,-35.7411439848862,3
595286e0964b2c0c48568a8e,CRAS - Feliz Deserto,-9.66025191950696,-35.7411439848862,3
595286e0964b2c0c48568a86,CRAS - Flexeiras,-9.66025191950696,-35.7411439848862,3
595286e0964b2c0c48568a70,CRAS - Girau do Ponciano,-9.66025191950696,-35.7411439848862,3
595286e0964b2c0c48568a32,CRAS - Ibateguara,-8.982239417233496,-35.95210664687329,3
595286e0964b2c0c48568a85,CRAS - Igaci,-9.66025191950696,-35.7411439848862,3
595286e0964b2c0c48568a7b,CRAS - Igreja Nova,-9.66025191950696,-35.7411439848862,3
595286e0964b2c0c48568a5a,CRAS - Inhapi,-9.66025191950696,-35.7411439848862,3
595286e0964b2c0c48568aa6,CRAS - Jacaré Dos Homens,-9.66025191950696,-35.7411439848862,3
595286e0964b2c0c48568a2c,CRAS - Jacuípe,-8.841682924840693,-35.45434534549713,3
595286e0964b2c0c48568a9c,CRAS - Japaratinga,-9.66025191950696,-35.7411439848862,3
595286e0964b2c0c48568a77,CRAS - Jaramataia,-9.66025191950696,-35.7411439848862,3
595286e0964b2c0c48568a59,CRAS - Jequiá da Praia,-9.66025191950696,-35.7411439848862,3
595286e0964b2c0c48568a29,CRAS - Joaquim Gomes,-9.136136771860578,-35.75292952358723,3
595286e0964b2c0c48568a6b,CRAS - Jundiá,-9.66025191950696,-35.7411439848862,3
595286e0964b2c0c48568a6f,CRAS - Junqueiro,-9.92053010145116,-36.47326156497002,3
595286e0964b2c0c48568a80,CRAS - Lagoa da Canoa,-9.66025191950696,-35.7411439848862,3
595286e0964b2c0c48568a99,CRAS - Limoeiro de Anadia,-9.66025191950696,-35.7411439848862,3
595286e0964b2c0c48568a41,CRAS - Maceió - Barro Duro,-9.620198067897661,-35.71010537445545,3
595286e0964b2c0c48568a64,CRAS - Maceió - Bebedouro,-9.623947933360345,-35.75196593999863,3
595286e0964b2c0c48568a96,CRAS - Maceió - Benedito Bentes.,-9.66025191950696,-35.7411439848862,3
595286e0964b2c0c48568a45,CRAS - Maceió - Bom Parto,-9.661010653065949,-35.75978457927704,3
595286e0964b2c0c48568a44,CRAS - Maceió - Cidade Sorriso,-9.54629768279773,-35.78461244702339,3
595286e0964b2c0c48568a97,CRAS - Maceió - Cidade Universitária,-9.66025191950696,-35.7411439848862,3
595286e0964b2c0c48568a42,CRAS - Maceió - Clima Bom,-9.567938921264817,-35.78160032629967,3
595286e0964b2c0c48568a88,CRAS - Maceió - Fernão Velho,-9.590351041896,-35.78316271305084,3
595286e0964b2c0c48568a89,CRAS - Maceió - Jacintinho,-9.63700073700259,-35.71184545755386,3
595286e0964b2c0c48568a95,CRAS - Maceió - Jacintinho,-9.66025191950696,-35.7411439848862,3
595286e0964b2c0c48568a8a,CRAS - Maceió - Pitanguinha,-9.638188051674799,-35.73089584708214,3
595286e0964b2c0c48568a63,CRAS - Maceió - Prado,-9.672232321911183,-35.74920058250427,3
595286e0964b2c0c48568a9b,CRAS - Maceió - Prado,-9.66025191950696,-35.7411439848862,3
595286e0964b2c0c48568a43,CRAS - Maceió - Santos Dumont,-9.553756685980222,-35.78197181224823,3
595286e0964b2c0c48568a66,CRAS - Maceió - Vergel do Lago,-9.660820272797354,-35.7597416639328,3
595286e0964b2c0c48568a8b,CRAS - Major Isidoro,-9.66025191950696,-35.7411439848862,3
595286e0964b2c0c48568a84,CRAS - Mar Vermelho,-9.66025191950696,-35.7411439848862,3
595286e0964b2c0c48568a2b,CRAS - Maragogi,-9.005442343896805,-35.218388736248016,3
595286e0964b2c0c48568a51,CRAS - Maravilha,-9.66025191950696,-35.7411439848862,3
595286e0964b2c0c48568a3a,CRAS - Marechal Deodoro,-9.66025191950696,-35.7411439848862,3
595286e0964b2c0c48568a7e,CRAS - Maria Helena Lucena da Silva,-9.66025191950696,-35.7411439848862,0
595286e0964b2c0c48568a56,CRAS - Maribondo,-9.66025191950696,-35.7411439848862,3
595286e0964b2c0c48568a4d,CRAS - Mata Grande,-9.119566143479842,-37.73014758407953,3
595286e0964b2c0c48568aa4,CRAS - Matriz de Camaragibe,-9.66025191950696,-35.7411439848862,3
595286e0964b2c0c48568a8c,CRAS - Messias,-9.66025191950696,-35.7411439848862,3
595286e0964b2c0c48568a48,CRAS - Minador do Negrão,-9.66025191950696,-35.7411439848862,3
595286e0964b2c0c48568aa8,CRAS - Monteirópolis,-9.66025191950696,-35.7411439848862,3
595286e0964b2c0c48568a92,CRAS - Murici,-9.66025191950696,-35.7411439848862,3
595286e0964b2c0c48568aac,CRAS - Novo Lino,-8.943982226917983,-35.665039233863354,3
595286e0964b2c0c48568a5e,CRAS - Olho D'água do Casado,-9.66025191950696,-35.7411439848862,3
595286e0964b2c0c48568a75,CRAS - Olho D´água Das Flores,-9.66025191950696,-35.7411439848862,3
595286e0964b2c0c48568a78,CRAS - Olho D´água Grande,-9.66025191950696,-35.7411439848862,3
595286e0964b2c0c48568a37,CRAS - Olivença,-9.517594808542974,-37.189696501372964,3
595286e0964b2c0c48568a7c,CRAS - Ouro Branco,-9.66025191950696,-35.7411439848862,3
595286e0964b2c0c48568a83,CRAS - Palestina,-9.66025191950696,-35.7411439848862,3
595286e0964b2c0c48568a61,CRAS - Pariconha,-9.66025191950696,-35.7411439848862,3
595286e0964b2c0c48568a6a,CRAS - Paripueira,-9.66025191950696,-35.7411439848862,3
595286e0964b2c0c48568a6d,CRAS - Passo de Camaragibe,-9.66025191950696,-35.7411439848862,3
595286e0964b2c0c48568a67,CRAS - Paulo Jacinto,-9.66025191950696,-35.7411439848862,3
595286e0964b2c0c48568a58,CRAS - Penedo - Santo Antônio,-9.66025191950696,-35.7411439848862,3
595286e0964b2c0c48568a57,CRAS - Penedo - Senhor do Bonfim,-9.66025191950696,-35.7411439848862,3
595286e0964b2c0c48568a49,CRAS - Piaçabuçu,-10.399235383502853,-36.43016919493675,3
595286e0964b2c0c48568a98,CRAS - Pilar,-9.66025191950696,-35.7411439848862,3
595286e0964b2c0c48568a54,CRAS - Pilar - Santa Luzia/Chã do Pilar,-9.66025191950696,-35.7411439848862,3
595286e0964b2c0c48568a3f,CRAS - Pindoba,-9.66025191950696,-35.7411439848862,3
595286e0964b2c0c48568a53,CRAS - Pindoba,-9.66025191950696,-35.7411439848862,3
595286e0964b2c0c48568a5d,CRAS - Piranhas,-9.66025191950696,-35.7411439848862,3
595286e0964b2c0c48568a62,CRAS - Porto Calvo,-9.66025191950696,-35.7411439848862,3
595286e0964b2c0c48568a47,CRAS - Porto Real do Colégio,-9.66025191950696,-35.7411439848862,3
595286e0964b2c0c48568a9a,CRAS - Porto Real do Colégio,-9.66025191950696,-35.7411439848862,3
595286e0964b2c0c48568aa9,CRAS - Porto de Pedras,-9.15404465316408,-35.29756486415863,3
595286e0964b2c0c48568a68,CRAS - Poço Das Trincheiras,-9.66025191950696,-35.7411439848862,3
595286e0964b2c0c48568a9d,CRAS - Pão de Açúcar,-9.66025191950696,-35.7411439848862,3
595286e0964b2c0c48568a9e,CRAS - Pão de Açúcar,-9.66025191950696,-35.7411439848862,3
595286e0964b2c0c48568a27,CRAS - Quebrângulo,-9.320112437817452,-36.47393211722374,3
595286e0964b2c0c48568a36,CRAS - Rio Largo -  Mata do Rolo,-9.66025191950696,-35.7411439848862,3
595286e0964b2c0c48568a35,CRAS - Rio Largo - Prefeito Antônio Lins de Souza,-9.66025191950696,-35.7411439848862,3
595286e0964b2c0c48568a2d,CRAS - Roteiro,-9.831849015465098,-35.97863568997127,3
595286e0964b2c0c48568a7a,CRAS - Santa Luzia do Norte,-9.66025191950696,-35.7411439848862,3
595286e0964b2c0c48568aaf,CRAS - Santana do Ipanema,-9.66025191950696,-35.7411439848862,3
595286e0964b2c0c48568aae,CRAS - Santana do Mundaú,-9.16736938539806,-36.225067377090454,3
595286e0964b2c0c48568a3c,CRAS - Satuba,-9.66025191950696,-35.7411439848862,3
595286e0964b2c0c48568a65,CRAS - Senador Rui Palmeira,-9.66025191950696,-35.7411439848862,3
595286e0964b2c0c48568a6e,CRAS - São José da Laje,-9.014057266299725,-36.05954557657242,3
595286e0964b2c0c48568a46,CRAS - São José da Tapera,-9.66025191950696,-35.7411439848862,3
595286e0964b2c0c48568aaa,CRAS - São Miguel Dos Campos - Povoado Coité de Baixo,-9.66025191950696,-35.7411439848862,3
595286e0964b2c0c48568aad,CRAS - São Miguel dos Campos,-9.79680354338645,-36.10363036394119,3
595286e0964b2c0c48568a40,CRAS - São Miguel dos Milagres,-9.240471726665593,-35.35086840391159,3
595286e0964b2c0c48568a2f,CRAS - São Sebastião,-9.931933162503206,-36.5535221205937,3
595286e0964b2c0c48568aa0,CRAS - Tanque D´arca,-9.66025191950696,-35.7411439848862,3
595286e0964b2c0c48568a76,CRAS - Taquarana,-9.66025191950696,-35.7411439848862,3
595286e0964b2c0c48568a3b,CRAS - Teotônio Vilela,-9.884637800956922,-36.364276707172394,3
595286e0964b2c0c48568a82,CRAS - Teotônio Vilela,-9.911816327570516,-36.35513573884964,3
595286e0964b2c0c48568aa5,CRAS - Teotônio Vilela,-9.905168550527346,-36.35729491710663,3
595286e0964b2c0c48568a81,CRAS - Traipu,-9.66025191950696,-35.7411439848862,3
595286e0964b2c0c48568aa3,CRAS - União Dos Palmares,-9.66025191950696,-35.7411439848862,3
595286e0964b2c0c48568aa7,CRAS - União Dos Palmares,-9.66025191950696,-35.7411439848862,3
595286e0964b2c0c48568a7f,CRAS - Viçosa,-9.66025191950696,-35.7411439848862,3
595286e0964b2c0c48568a94,CRAS - Água Branca,-9.66025191950696,-35.7411439848862,3
595286e0964b2c0c48568a50,CRAS Rio Largo - Centro,-9.66025191950696,-35.7411439848862,3
5951845c964b2c0c485689cb,CREAS - Anadia,-9.66025191950696,-35.7411439848862,2
5951845c964b2c0c485689cc,CREAS - Arapiraca,-9.66025191950696,-35.7411439848862,2
5951845c964b2c0c485689cd,CREAS - Atalaia,-9.66025191950696,-35.7411439848862,2
5951845c964b2c0c485689ce,CREAS - Barra de Santo Antônio,-9.66025191950696,-35.7411439848862,3
5951845c964b2c0c485689cf,CREAS - Barra de São Miguel,-9.66025191950696,-35.7411439848862,2
5951845c964b2c0c485689d0,CREAS - Batalha,-9.66025191950696,-35.7411439848862,2
5951845c964b2c0c485689d1,CREAS - Belém,-9.66025191950696,-35.7411439848862,2
5951845c964b2c0c485689d2,CREAS - Boca da Mata,-9.647789545270653,-36.20808631181717,2
5951845c964b2c0c485689d3,CREAS - Cacimbinhas,-9.66025191950696,-35.7411439848862,2
5951845c964b2c0c485689d4,CREAS - Cajueiro,-9.393934477856112,-36.1517733335495,2
5951845c964b2c0c485689d5,CREAS - Campestre,-8.851634801454955,-35.567020922899246,2
5951845c964b2c0c485689d6,CREAS - Campo Alegre,-9.782760480437211,-36.35279819369316,2
5951845c964b2c0c485689d7,CREAS - Capela,-9.413210469805897,-36.076112911105156,2
5951845c964b2c0c485689d8,CREAS - Coité do Nóia,-9.632453732716534,-36.581074967980385,2
5951845c964b2c0c485689d9,CREAS - Colônia Leopoldina,-8.912296986346353,-35.7177959382534,2
5951845c964b2c0c485689da,CREAS - Coqueiro Seco,-9.638730142730473,-35.80131188035011,2
5951845c964b2c0c485689db,CREAS - Coruripe,-9.66025191950696,-35.7411439848862,2
5951845c964b2c0c485689dc,CREAS - Craíbas,-9.66025191950696,-35.7411439848862,2
5951845c964b2c0c485689dd,CREAS - Delmiro Gouveia,-9.380808883278116,-38.00327941775322,2
5951845c964b2c0c485689de,CREAS - Dois Riachos,-9.66025191950696,-35.7411439848862,2
5951845c964b2c0c485689df,CREAS - Estrela de Alagoas,-9.66025191950696,-35.7411439848862,2
5951845c964b2c0c485689e0,CREAS - Feira Grande,-9.66025191950696,-35.7411439848862,2
5951845c964b2c0c485689e1,CREAS - Feliz Deserto,-9.66025191950696,-35.7411439848862,2
5951845c964b2c0c485689e2,CREAS - Flexeiras,-9.66025191950696,-35.7411439848862,2
5951845c964b2c0c485689e3,CREAS - Girau do Ponciano,-9.66025191950696,-35.7411439848862,2
5951845c964b2c0c485689e4,CREAS - Ibateguara,-9.66025191950696,-35.7411439848862,2
5951845c964b2c0c485689e5,CREAS - Igaci,-9.66025191950696,-35.7411439848862,2
5951845c964b2c0c485689e6,CREAS - Igreja Nova,-9.66025191950696,-35.7411439848862,2
5951845c964b2c0c485689e7,CREAS - Inhapi,-9.66025191950696,-35.7411439848862,2
5951845c964b2c0c485689e8,CREAS - Jacuípe,-9.66025191950696,-35.7411439848862,2
5951845c964b2c0c485689e9,CREAS - Japaratinga,-9.66025191950696,-35.7411439848862,2
5951845c964b2c0c485689ea,CREAS - Jaramataia,-9.66025191950696,-35.7411439848862,2
5951845c964b2c0c485689eb,CREAS - Jequiá da Praia,-9.66025191950696,-35.7411439848862,2
5951845c964b2c0c485689ec,CREAS - Joaquim Gomes,-9.66025191950696,-35.7411439848862,2
5951845c964b2c0c485689ed,CREAS - Jundiá,-9.66025191950696,-35.7411439848862,2
5951845c964b2c0c485689ee,CREAS - Junqueiro,-9.923336003570851,-36.47618383169174,2
5951845c964b2c0c485689ef,CREAS - Lagoa da Canoa,-9.66025191950696,-35.7411439848862,2
5951845c964b2c0c485689f0,CREAS - Limoeiro de Anadia,-9.66025191950696,-35.7411439848862,2
5951845c964b2c0c485689f4,CREAS - Maceió - Benedito Bentes,-9.568441451389138,-35.71509897708893,2
5951845c964b2c0c485689f1,CREAS - Maceió - Jatiúca,-9.650618905980911,-35.70286676287651,2
5951845c964b2c0c485689f2,CREAS - Maceió - Orla Lagunar,-9.667581350491565,-35.74373558163643,2
5951845c964b2c0c485689f5,CREAS - Maceió - Poço,-9.65999793456673,-35.72387918829918,2
5951845c964b2c0c485689f3,CREAS - Maceió - Santa Lucia,-9.582559599184881,-35.761997401714325,2
5951845c964b2c0c485689f6,CREAS - Major Isidoro,-9.529315938993562,-36.98704808950424,2
5951845c964b2c0c485689f7,CREAS - Maragogi,-9.66025191950696,-35.7411439848862,2
5951845c964b2c0c485689f8,CREAS - Maravilha,-9.66025191950696,-35.7411439848862,2
5951845c964b2c0c485689f9,CREAS - Marechal Deodoro,-9.719634710327421,-35.89345917105675,2
5951845c964b2c0c485689fa,CREAS - Maribondo,-9.66025191950696,-35.7411439848862,2
5951845c964b2c0c485689fb,CREAS - Mata Grande,-9.66025191950696,-35.7411439848862,2
5951845c964b2c0c485689fc,CREAS - Matriz de Camaragibe,-9.66025191950696,-35.7411439848862,2
5951845c964b2c0c485689fd,CREAS - Messias,-9.66025191950696,-35.7411439848862,2
5951845c964b2c0c485689fe,CREAS - Monteirópolis,-9.66025191950696,-35.7411439848862,2
5951845c964b2c0c485689ff,CREAS - Murici,-9.66025191950696,-35.7411439848862,2
5951845c964b2c0c48568a00,CREAS - Novo Lino,-9.66025191950696,-35.7411439848862,2
5951845c964b2c0c48568a01,CREAS - Olho D´água Das Flores,-9.66025191950696,-35.7411439848862,2
5951845c964b2c0c48568a02,CREAS - Olivença,-9.66025191950696,-35.7411439848862,2
5951845c964b2c0c48568a03,CREAS - Palestina,-9.66025191950696,-35.7411439848862,2
5951845c964b2c0c48568a04,CREAS - Palmeira Dos Índios,-9.66025191950696,-35.7411439848862,2
5951845c964b2c0c48568a06,CREAS - Pariconha,-9.66025191950696,-35.7411439848862,2
5951845c964b2c0c48568a07,CREAS - Passo de Camaragibe,-9.66025191950696,-35.7411439848862,2
5951845c964b2c0c48568a08,CREAS - Paulo Jacinto,-9.66025191950696,-35.7411439848862,2
5951845c964b2c0c48568a09,CREAS - Penedo,-9.66025191950696,-35.7411439848862,2
5951845c964b2c0c48568a0a,CREAS - Piaçabuçu,-9.66025191950696,-35.7411439848862,2
5951845c964b2c0c48568a0b,CREAS - Pilar,-9.66025191950696,-35.7411439848862,2
5951845c964b2c0c48568a0e,CREAS - Piranhas,-9.66025191950696,-35.7411439848862,2
5951845c964b2c0c48568a0d,CREAS - Porto Calvo,-9.66025191950696,-35.7411439848862,2
5951845c964b2c0c48568a10,CREAS - Porto Real do Colégio,-9.66025191950696,-35.7411439848862,2
5951845c964b2c0c48568a0f,CREAS - Porto de Pedras,-9.66025191950696,-35.7411439848862,2
5951845c964b2c0c48568a0c,CREAS - Poço Das Trincheiras,-9.66025191950696,-35.7411439848862,2
5951845c964b2c0c48568a05,CREAS - Pão de Açúcar,-9.66025191950696,-35.7411439848862,2
5951845c964b2c0c48568a11,CREAS - Quebrângulo,-9.66025191950696,-35.7411439848862,2
5951845c964b2c0c48568a12,CREAS - Rio Largo,-9.66025191950696,-35.7411439848862,2
5951845c964b2c0c48568a13,CREAS - Santana do Ipanema,-9.66025191950696,-35.7411439848862,2
5951845c964b2c0c48568a14,CREAS - Santana do Mundaú,-9.66025191950696,-35.7411439848862,2
5951845c964b2c0c48568a1b,CREAS - Satuba,-9.66025191950696,-35.7411439848862,2
5951845c964b2c0c48568a1c,CREAS - Senador Rui Palmeira,-9.66025191950696,-35.7411439848862,2
5951845c964b2c0c48568a15,CREAS - São José da Laje,-9.66025191950696,-35.7411439848862,2
5951845c964b2c0c48568a16,CREAS - São José da Tapera,-9.66025191950696,-35.7411439848862,2
5951845c964b2c0c48568a17,CREAS - São Luís do Quitunde,-9.66025191950696,-35.7411439848862,2
5951845c964b2c0c48568a18,CREAS - São Miguel dos Campos,-9.66025191950696,-35.7411439848862,2
5951845c964b2c0c48568a19,CREAS - São Miguel dos Milagres,-9.66025191950696,-35.7411439848862,2
5951845c964b2c0c48568a1a,CREAS - São Sebastião,-9.66025191950696,-35.7411439848862,2
5951845c964b2c0c48568a1d,CREAS - Tanque d'Arca,-9.66025191950696,-35.7411439848862,2
5951845c964b2c0c48568a1e,CREAS - Taquarana,-9.66025191950696,-35.7411439848862,2
5951845c964b2c0c48568a1f,CREAS - Teotônio Vilela,-9.66025191950696,-35.7411439848862,2
5951845c964b2c0c48568a20,CREAS - Traipu,-9.66025191950696,-35.7411439848862,2
5951845c964b2c0c48568a21,CREAS - União Dos Palmares,-9.66025191950696,-35.7411439848862,2
5951845c964b2c0c48568a22,CREAS - Viçosa,-9.66025191950696,-35.7411439848862,2
5951845c964b2c0c485689ca,CREAS - Água Branca,-9.66025191950696,-35.7411439848862,2
59384dd38c36c70f36240602,Casa dos conselhos,-9.662503283523062,-35.74111154302955,1
59384adc8c36c779f65a5dfc,Central da mulher e dos direitos humanos,-9.651578437285128,-35.703735798597336,3
592de8d28c36c75b355a9041,Centro Clinico,-9.66235403255227,-35.74073897132496,7
594aecb28c36c751e983dd42,Comando Operacional da Região Metropolitana - CORM,-9.671484190012112,-35.75580493936161,1
594aed0f8c36c751e983dd43,Comando Operacional do Interior - COI,-9.671463037312861,-35.75582639703373,1
588fa37e8c36c77709ab0294,Controladoria Geral do Estado - CGE,-9.665926128543676,-35.739057809114456,2
594aeead8c36c751e983dd45,Coordenação Regional dos Serviços Turísticos de Alagoas - SEDETUR,-9.669577653665426,-35.730172991752625,0
595eb79f8c36c7547a23a60c,CÔNEGO AMANDO  GUSMÃO,-9.637587783977429,-35.79964488744736,0
595d55e08c36c77d1a2a51a5,CÔNEGO JASSON  SOUTO,-9.634033754235748,-37.205995470285416,0
595ea6168c36c7380a7c5c9b,DE EDUCAÇÃO BÁSICA DE PARICONHA,-9.25362906977288,-38.004715740680695,0
5965891e8c36c73fccb67c94,DE EDUCAÇÃO BÁSICA E PROFISSIONAL JOSÉ APRÍGIO BRANDÃO VILELA,-9.910889451508297,-36.34501576423645,0
596582ee8c36c73fccb67c90,DE EDUCAÇÃO BÁSICA PEDRO JOAQUIM DE JESUS,-9.916882921451771,-36.34959429502487,0
595ea6fc8c36c7380a7c5c9c,DE EDUCAÇÃO BÁSICA SANTA CRUZ DO DESERTO,-9.118664962102553,-37.732640504837036,0
595eabf38c36c7380a7c5ca1,DE ENSINO MÉDIO NEZINHO PEREIRA,-9.221833522228373,-37.74914413690567,0
595d5a1b8c36c77d1a2a51a7,DE JARAMATAIA,-9.659385806894594,-37.001454904675484,0
595d63448c36c77d1a2a51ab,DE MONTEIRÓPOLIS,-9.604687780702742,-37.249130085110664,0
595d2d758c36c74cfe2db2c7,DE RIACHO GRANDE,-9.464333141722658,-37.45545566082001,0
595e8a588c36c7380a7c5c8f,DELMIRO GOUVEIA,-9.382994752675284,-37.999894469976425,0
595e62ff8c36c71089075257,DELMO FERREIRA DA SILVA,-8.931719692356484,-35.56810587644577,0
595e8b2a8c36c7380a7c5c90,DEMÓCRITO GRACINDO,-9.117833391203785,-37.73010581731796,0
595abccb8c36c762f3cf828a,DEODORO DA FONSECA,-9.716548431651187,-35.89388698339462,0
59600bc58c36c7147542b52d,DEP. GUILHERMINO DE OLIVEIRA,-9.614470054884164,-35.73414534330368,0
5995a2e48c36c70b278e96a5,DEPUTADO NENOÍ PINTO,-9.571866571128899,-35.78259140253067,0
5995a3b08c36c70b278e96a6,DEPUTADO RUBENS CANUTO,-9.557533735904968,-35.72978675365448,0
5758294d8c36c76a16000002,DETRAN  - Central Já! Shopping Farol,-9.628213564842474,-35.738429589363136,28
57583a538c36c76a16000005,DETRAN - Central Já! Arapiraca,-9.75278254449737,-36.65838462098941,27
5758397f8c36c76a16000004,DETRAN - Central Já! Maceió Shopping,-9.648725616770614,-35.71571320295334,29
575827ed8c36c76a16000000,DETRAN - Central Já! Maribondo,-9.579264182953768,-36.306051313877106,18
575838ba8c36c76a16000003,DETRAN - Central Já! Shopping Pátio Maceió,-9.558411867556648,-35.746142864227295,27
5788dc248c36c77395000000,DETRAN - Central Já! São Miguel,-9.780354149700909,-36.09745323686002,11
59657aad8c36c739f7c9d348,DJALMA BARROS SIQUEIRA,-10.128047112389918,-36.17199517786503,0
595d57aa8c36c77d1a2a51a6,DO CABOCLO,-9.536447316333504,-37.51957654953003,0
595abe0c8c36c762f3cf828b,DOM ADELMO MACHADO,-9.615367080282022,-35.722931027412415,0
59657b868c36c739f7c9d349,DOM CONSTANTINO LUERS,-9.78076115243631,-36.349760591983795,0
595e63dd8c36c71089075258,DOM ELISEU MARIA GOMES DE OLIVEIRA,-9.08907679691177,-35.25824502110481,0
5995a44a8c36c70b278e96a7,DOM OTÁVIO BARBOSA DE AGUIAR,-9.549958433851756,-35.71852684020996,0
5995d8e48c36c722dcb81b70,DOM PEDRO II,-9.63992406215434,-35.73833495378494,0
595e8c128c36c7380a7c5c91,DOMINGOS MOEDA,-9.263847511757232,-37.93675258755684,0
595d767a8c36c77d1a2a51b4,DONA SANTA BULHÕES,-10.186623533960676,-36.83911621570587,0
595d78108c36c77d1a2a51b5,DR. ALCIDES ANDRADE,-10.28634441037027,-36.55020475387573,0
595eb94f8c36c7547a23a60e,DR. ANTÔNIO GOMES DE BARROS,-8.941873142762828,-35.6615124642849,0
595d331a8c36c74cfe2db2cc,DR. CARLOS GOMES DE BARROS,-9.165446968794257,-36.02366030216217,0
595abf398c36c762f3cf828c,DR. EDSON DOS SANTOS BERNARDES,-9.65801215132836,-35.76253116130829,0
5995a53f8c36c70b278e96a8,DR. FRANCISCO MELO,-9.580766431238958,-35.754290744662285,0
595d34ca8c36c74cfe2db2cd,DR. JORGE DE LIMA,-9.158081580782222,-36.032193917781115,0
5995a65b8c36c70b278e96a9,DR. JOSÉ MARIA DE MELO,-9.549656899485957,-35.731453746557236,0
595ac0d08c36c762f3cf828d,DR. JÚLIO AUTO,-9.65511621844749,-35.759812742471695,0
596005548c36c7147542b52a,DR. MIGUEL GUEDES NOGUEIRA,-9.61961099069478,-35.75945198535919,0
595ac34e8c36c76f44c8f7dd,DR. RODRIGUEZ DE MELO,-9.655364774654396,-35.75317159295082,0
595ebb3b8c36c7547a23a60f,DR. SIDRÔNIO DE AUGUSTO SANTA MARIA,-9.604674557648227,-35.82186833024025,0
595d0cd38c36c74cfe2db2c0,DR.FERNANDES LIMA,-9.618847260423278,-35.71057140827179,0
595ac5a58c36c76f44c8f7df,DR.JOSÉ MARIA CORREIA DAS NEVES,-9.665482443097735,-35.74930250644684,0
595d3b9c8c36c74cfe2db2cf,DR.PAULO DE CASTRO SARMENTO,-9.157386475161662,-36.02474927902222,0
5757f5cd8c36c75fd9000009,Defensoria Pública - Arapiraca,-9.744989549128846,-36.664230823516846,0
5757f58e8c36c75fd9000008,Defensoria Pública - Central Já! Shopping Pátio Maceió,-9.55843302732752,-35.74609994888306,15
5757f5f88c36c75fd900000a,Defensoria Pública - Palmeira dos Índios,-9.646375,-35.728146,0
5757f6188c36c75fd900000b,Defensoria Pública - Penedo,-9.646375,-35.728146,0
5995a7158c36c70b278e96aa,Drª EUNICE DE LEMOS CAMPOS,-9.54418162378519,-35.71758270263672,0
5995d8388c36c722dcb81b6f,EDUC BÁSICA EDUCADOR PAULO JORGE DOS SANTOS RODRIGUES,-9.553037243147429,-35.78362137079239,0
59a5a4018c36c7319d27de7f,EMATER - Escritório de Batalha/AL,-9.667092188303721,-37.12623596191406,6
59a5aa3d8c36c7319d27de80,EMATER - Escritório de Belo Monte/AL,-9.826833033190852,-37.2800874710083,6
59a5b42a8c36c7319d27de81,EMATER - Escritório de Cacimbinhas/AL,-9.644043115767488,-35.773115158081055,6
59a836da8c36c74b01f7790c,EMATER - Escritório de Campo Alegre/AL,-9.646375,-35.728146,6
59ad92358c36c74a213e10f5,EMATER - Escritório de Canapi,-9.646375,-35.728146,6
59a8389f8c36c74d7d09a742,EMATER - Escritório de Carneiros/ AL,-9.646375,-35.728146,6
59a8552a8c36c74b01f7791b,EMATER - Escritório de Colônia Leopoldina,-9.646375,-35.728146,6
59ad9be98c36c74a213e1102,EMATER - Escritório de Coruripe,-9.646375,-35.728146,6
59a831a18c36c74b01f778fd,EMATER - Escritório de Craibas/AL,-9.646375,-35.728146,6
59a5b48f8c36c7319d27de82,EMATER - Escritório de Estrela de Alagoas/AL,-9.646375,-35.728146,6
59a833098c36c74b01f77900,EMATER - Escritório de Feira Grande/AL,-9.646375,-35.728146,6
59ad98f28c36c74a213e10fb,EMATER - Escritório de Feliz Deserto,-9.646375,-35.728146,6
59a834328c36c74b01f77904,EMATER - Escritório de Girau do Ponciano/AL,-9.646375,-35.728146,6
59a5b4ed8c36c7319d27de83,EMATER - Escritório de Igaci/AL,-9.646375,-35.728146,6
59ad9a438c36c74a213e10fe,EMATER - Escritório de Igreja Nova,-9.646375,-35.728146,6
59ad92ab8c36c74a213e10f6,EMATER - Escritório de Inhapi,-9.646375,-35.728146,6
59a5b56a8c36c7319d27de84,EMATER - Escritório de Jacaré dos homens/AL,-9.646375,-35.728146,6
59a5b5d38c36c7319d27de85,EMATER - Escritório de Jaramataia/AL,-9.646375,-35.728146,6
59ad9b508c36c74a213e1100,EMATER - Escritório de Jequiá,-9.646375,-35.728146,6
59ad99848c36c74a213e10fc,EMATER - Escritório de Junqueiro,-9.646375,-35.728146,6
59a8366c8c36c74b01f7790b,EMATER - Escritório de Lagoa da Canoa/AL,-9.646375,-35.728146,6
59a834a78c36c74b01f77905,EMATER - Escritório de Limoeiro de Anadia/AL,-9.646375,-35.728146,6
59a5b6348c36c7319d27de86,EMATER - Escritório de Major Izidoro/AL,-9.646375,-35.728146,6
59a5b8b88c36c7319d27de8a,EMATER - Escritório de Mar Vermelho/AL,-9.646375,-35.728146,6
59a8558e8c36c74b01f7791c,EMATER - Escritório de Maragogi,-9.646375,-35.728146,6
59a839788c36c74b01f7790f,EMATER - Escritório de Maravilha/AL,-9.646375,-35.728146,6
59ad93108c36c74a213e10f7,EMATER - Escritório de Mata Grande,-9.646375,-35.728146,6
59a5b6908c36c7319d27de87,EMATER - Escritório de Minador do Negrão/AL,-9.646375,-35.728146,6
59a5b7f98c36c7319d27de88,EMATER - Escritório de Monteiropolis/AL,-9.646375,-35.728146,6
59a855fe8c36c74b01f7791d,EMATER - Escritório de Murici,-9.646375,-35.728146,6
59a83b758c36c74b01f77910,EMATER - Escritório de Olho D` água das Flores/AL,-9.646375,-35.728146,6
59a85a6d8c36c74b01f77922,EMATER - Escritório de Olho D`Água do Casado,-9.646375,-35.728146,6
59a838f98c36c74b01f7790e,EMATER - Escritório de Olivença/AL,-9.646375,-35.728146,6
59a83ea18c36c74b01f77911,EMATER - Escritório de Ouro Branco/AL,-9.646375,-35.728146,6
59a83f108c36c74b01f77912,EMATER - Escritório de Palestina/AL,-9.646375,-35.728146,6
59a85aef8c36c74b01f77923,EMATER - Escritório de Pariconha,-9.646375,-35.728146,6
59ad9b998c36c74a213e1101,EMATER - Escritório de Piaçabuçu,-9.646375,-35.728146,6
59a85b778c36c74b01f77924,EMATER - Escritório de Piranhas,-9.646375,-35.728146,6
59ad945f8c36c74a213e10f9,EMATER - Escritório de Porto Real do Colégio,-9.646375,-35.728146,6
59a840d68c36c74b01f77914,EMATER - Escritório de Poço das Trincheiras/AL,-9.646375,-35.728146,6
59a83fd68c36c74b01f77913,EMATER - Escritório de Pão de Açucar/AL,-9.646375,-35.728146,6
59a845348c36c74b01f77918,EMATER - Escritório de Santana do Ipanema,-9.646375,-35.728146,6
59a856508c36c74b01f7791e,EMATER - Escritório de Santana do Mundaú,-9.646375,-35.728146,6
59a844bc8c36c74b01f77917,EMATER - Escritório de Senador Rui Palmeira/AL,-9.646375,-35.728146,6
59a844598c36c74b01f77916,EMATER - Escritório de São Jose da Tapera/AL,-9.646375,-35.728146,6
59a856b88c36c74b01f7791f,EMATER - Escritório de São Luíz do Quitunde,-9.646375,-35.728146,6
59ad99d68c36c74a213e10fd,EMATER - Escritório de São Sebastião,-9.646375,-35.728146,6
59ad9ad88c36c74a213e10ff,EMATER - Escritório de Teotônio Vilela,-9.646375,-35.728146,6
59a835428c36c74b01f77908,EMATER - Escritório de Traipu/AL,-9.646375,-35.728146,6
59a6d1d48c36c76c54eb4f80,EMATER - Escritório de União dos Palmares,-9.646375,-35.728146,6
59ad93738c36c74a213e10f8,EMATER - Escritório de Água Branca,-9.646375,-35.728146,6
59a5a33b8c36c7319d27de7e,EMATER - Sede em Maceió,-9.671402079314007,-35.72396367788315,6
59a854948c36c74b01f7791a,EMATER - Supervisão Regional da Grande Mata Alagoana,-9.646375,-35.728146,6
59a832168c36c74b01f778fe,EMATER - Supervisão Regional do Agreste I,-9.646375,-35.728146,6
59a5b8518c36c7319d27de89,EMATER - Supervisão Regional do Agreste II,-9.646375,-35.728146,6
59a858418c36c74b01f77921,EMATER - Supervisão Regional do Alto Sertão,-9.646375,-35.728146,6
59ad98748c36c74a213e10fa,EMATER - Supervisão Regional do Baixo São Francisco,-9.646375,-35.728146,6
59a8436b8c36c74b01f77915,EMATER - Supervisão Regional do Médio Sertão,-9.646375,-35.728146,6
595d0de98c36c74cfe2db2c1,ENG.º ÉDSON SALUSTIANO DOS SANTOS,-9.653355166186877,-35.725697726011276,0
596425aa8c36c758cb87ccaf,ESCOLA MARIA DAS GRAÇAS DE SÁ TEIXEIRA,-9.633742872168408,-35.725393295288086,0
595e8ebf8c36c7380a7c5c94,ESTADUAL DE XINGÓ I – EEX I,-9.606060330953234,-37.771146297454834,0
595e94668c36c7380a7c5c95,ESTADUAL DE XINGÓ II – EEX II,-9.604886126458608,-37.75787740945816,0
59a02bd58c36c74a80fe9a1f,Escola Estadual Deraldo Campos,-9.53106123566254,-36.9915796816349,0
596421398c36c758cb87ccab,Escola noel nutels,-9.637021891866285,-35.711703300476074,0
595ebc1a8c36c7547a23a610,FERNANDINA MALTA,-9.47827304795592,-35.83969697356224,0
595d78948c36c77d1a2a51b6,FIRMO DE CASTRO,-10.183455603245362,-36.83516263961792,0
595e8cfe8c36c7380a7c5c92,FRANCISCA ROSA  DA COSTA,-9.388525522890971,-37.998498380184174,0
595e64ec8c36c71089075259,FRANCISCO FALCÃO,-9.265967933602022,-35.3734727203846,0
595ebcad8c36c7547a23a611,FRANCISCO LEÃO,-9.472227817430616,-35.834805965423584,0
595d7a898c36c77d1a2a51b7,GABINO BESOURO,-10.287901475262059,-36.582263857126236,0
595e97eb8c36c7380a7c5c97,GENTIL DE ALBUQUERQUE MALTA,-9.118670258726267,-37.732530534267426,0
5995a95b8c36c70b278e96ac,GERALDO MELO DOS SANTOS,-9.549143761442728,-35.74708700180054,0
5989af1a8c36c72d6d5bfff9,Gabinete Civil,-9.646375,-35.728146,0
5967af338c36c736c3a4fd6e,Gerência  de Tecnologia da Informação _ GETIN,-9.646375,-35.728146,1
594ae6758c36c751e983dd3a,Gerência de Atividades Técnicas - GAT/Arapiraca,-9.740345018852517,-36.64265321025471,3
594aec3a8c36c751e983dd41,Gerência de Atividades Técnicas - GAT/Delmiro Gouveia,-9.388824696550287,-37.98729555139164,3
594aea078c36c751e983dd3d,Gerência de Atividades Técnicas - GAT/Maragogi,-9.018338304188699,-35.22505210170368,3
594aea9a8c36c751e983dd3e,Gerência de Atividades Técnicas - GAT/Palmeira dos Índios,-9.422203239399545,-36.61903635987858,3
594ae89a8c36c751e983dd3b,Gerência de Atividades Técnicas - GAT/Penedo,-10.265867117074365,-36.55658380517582,3
594aeb5f8c36c751e983dd3f,Gerência de Atividades Técnicas - GAT/Santana do Ipanema,-9.367722632629198,-37.2552026940308,3
594ae51c8c36c751e983dd39,Gerência de Atividades Técnicas - GAT/Tabuleiro,-9.564476877035057,-35.78578130731205,3
594aebe18c36c751e983dd40,Gerência de Design e Atendimento - SEDETUR,-9.646375,-35.728146,1
593963f08c36c72df179a40d,Gás de Alagoas S/A - ALGÁS,-9.616575097721201,-35.73782801628113,0
593965b78c36c72df179a40e,Gás de Alagoas S/A - ALGÁS - ALGÁS CONFORTO,-9.646041345455112,-35.700393598526716,0
595d7bbc8c36c77d1a2a51b8,HERMILIO DE FREITAS MELRO,-10.284776781348574,-36.57483011484146,0
59aee4b28c36c76afbdf5a31,Hospital Geral do Estado Professor Osvaldo Brandão Vilela,-9.67208704138135,-35.75871781835178,6
599dd6328c36c73ba808f128,IDERAL - CEASA,-9.535664353406172,-35.798563957214355,1
577e93878c36c723ba000000,IMA - Central Já! Penedo,-10.29069835621816,-36.585847501081616,4
577e94c08c36c723ba000001,IMA - Central Já! Porto Calvo,-9.050291940007208,-35.41337995006836,4
57b5c11f8c36c7324b000001,IMA Central Já! Arapiraca,-9.752771563578392,-36.658516358865086,4
595ea0ec8c36c7380a7c5c99,INDÍGENA ANCELMO BISPO DE SOUZA,-9.226434920537592,-37.75118261575699,0
595e9ef38c36c7380a7c5c98,INDÍGENA JOSÉ CARAPINA,-9.257049368921933,-37.99940764904022,0
595ebe508c36c7547a23a614,INDÍGENA JOSÉ MANOEL DE SOUZA,-9.646375,-35.728146,0
595ebebd8c36c7547a23a615,INDÍGENA JOSÉ MÁXIMO DE OLIVEIRA,-9.133272751372536,-35.74776828289032,0
595ea4f78c36c7380a7c5c9a,INDÍGENA JUVINO HENRIQUE DA SILVA,-9.257478227613099,-38.007456958293915,0
595ebd528c36c7547a23a612,INDÍGENA MANOEL HONÓRIO DA SILVA,-9.13314563758577,-35.74774816632271,0
595d7d2f8c36c77d1a2a51b9,INDÍGENA PAJÉ FRANCISCO QUEIROZ SUÍRA,-10.185332605993162,-36.83791860938072,0
595ebe138c36c7547a23a613,INDÍGENA PROFª MARLENE MARQUES DOS SANTOS,-9.133235676522743,-35.74775420129299,0
5995d9ef8c36c722dcb81b71,INSTITUTO DE LÍNGUAS,-9.639618641308589,-35.7358592748642,0
59657cc68c36c73fccb67c8c,INÁCIO DE CARVALHO,-10.12802704537741,-36.172019988298416,0
5938652e8c36c71f328eac8d,ITEC Anexo I,-9.646375,-35.728146,0
593865688c36c71f328eac8e,ITEC Anexo II,-9.646375,-35.728146,1
593864e38c36c71f328eac8c,ITEC Sede,-9.646375,-35.728146,37
575820908c36c764a9000002,Instituto de Identificação - Central Já!  Maribondo,-9.57924076682189,-36.30602920523745,2
57504f298c36c71ba4000000,Instituto de Identificação - Central Já! Arapiraca,-9.752787885209324,-36.658390540266055,2
575824a58c36c764a9000006,Instituto de Identificação - Central Já! Maceió Shopping,-9.648752059430597,-35.715672969818115,2
57581f888c36c764a9000001,Instituto de Identificação - Central Já! Porto Calvo,-9.050149715651346,-35.41342328196606,2
57581ef88c36c764a9000000,Instituto de Identificação - Central Já! Shopping Pátio Maceió,-9.558390707784454,-35.74609994888306,2
575821ab8c36c764a9000003,Instituto de Identificação - Central Já! São Miguel dos Campos,-9.780283786066851,-36.0973459482193,2
575828ba8c36c76a16000001,Instituto de Identificação - Central Já! de São Miguel dos Campos,-9.780318291948852,-36.09745399484257,2
575825ea8c36c764a9000007,Instituto de identificação - Central Já! Penedo,-10.290693616458837,-36.585840582847595,2
575823588c36c764a9000004,Instituto de identificação - Central Já! Shopping Farol,-9.628184332146033,-35.738434195518494,2
57617f798c36c7464f000001,Instituto do Meio Ambiente de Alagoas - Sede,-9.640953681229737,-35.7451603143511,8
595d13f08c36c74cfe2db2c2,JARSEN COSTA,-9.635844621653524,-35.707748383283615,0
596007ce8c36c7147542b52b,JORNALISTA FREITAS NETO,-9.618912843504765,-35.76107740402222,0
5995abb58c36c70b278e96ae,JORNALISTA LAFAIETE BELO,-9.545313716991533,-35.72759807109833,0
595d17278c36c74cfe2db2c3,JORNALISTA RAUL LIMA,-9.463589170432519,-35.54363876581192,0
59657ea88c36c73fccb67c8d,JOSEFA CAVALCANTI SURUAGY,-9.650935158216837,-36.20381087064743,0
5995db088c36c722dcb81b73,JOSÉ CORREIA DA SILVA TITARA,-9.6389853218771,-35.7381384819746,0
595ac6d58c36c76f44c8f7e0,JOSÉ OLIVEIRA E SILVA,-9.655371120671086,-35.75321853160858,0
595e661e8c36c7108907525a,JOSÉ RIBEIRO CAMINHA,-8.847882008211167,-35.56733474135399,0
595d64a98c36c77d1a2a51ac,JOSÉ SOARES PINTO,-9.74091852342416,-37.440499663352966,0
595ea7b38c36c7380a7c5c9d,JOÃO FRANCISCO SOARES,-9.500651378885165,-37.83206194639206,0
595ebf4e8c36c7547a23a616,JOÃO MORAIS CAVALCANTE,-9.478337864949236,-35.8397164195776,0
5995a9f48c36c70b278e96ad,JOÃO PAULO II,-9.622144406645663,-35.74979603290558,0
59441afc8c36c71fa9328d9d,JUCEAL - SEDE,-9.646375,-35.728146,3
594415268c36c71fa9328d82,JUCEAL EXPRESS ARAPIRACA,-9.755366739242406,-36.66000634431839,3
594416148c36c71fa9328d85,JUCEAL EXPRESS ATALAIA,-9.646375,-35.728146,3
594419208c36c71fa9328d93,JUCEAL EXPRESS BOCA DA MATA,-9.646375,-35.728146,3
5944176b8c36c71fa9328d8b,JUCEAL EXPRESS CAMPO ALEGRE,-9.646375,-35.728146,3
594419428c36c71fa9328d94,JUCEAL EXPRESS CAPELA,-9.646375,-35.728146,3
594417f18c36c71fa9328d8d,JUCEAL EXPRESS CORURIPE,-9.646375,-35.728146,3
5944197a8c36c71fa9328d95,JUCEAL EXPRESS DELMIRO GOUVEIA,-9.646375,-35.728146,3
594419a78c36c71fa9328d96,JUCEAL EXPRESS IBATEGUARA,-9.646375,-35.728146,3
594419cf8c36c71fa9328d97,JUCEAL EXPRESS JUNQUEIRO,-9.646375,-35.728146,3
594416868c36c71fa9328d87,JUCEAL EXPRESS MARAGOGI,-9.646375,-35.728146,3
5944181a8c36c71fa9328d8e,JUCEAL EXPRESS MARAVILHA,-9.646375,-35.728146,3
5944164c8c36c71fa9328d86,JUCEAL EXPRESS MESSIAS,-9.646375,-35.728146,3
594419f68c36c71fa9328d98,JUCEAL EXPRESS MURICI,-9.646375,-35.728146,3
59441a248c36c71fa9328d99,JUCEAL EXPRESS OLHO D'AGUA DAS FLORES,-9.646375,-35.728146,3
5944183f8c36c71fa9328d8f,JUCEAL EXPRESS PALMEIRA DOS ÍNDIOS,-9.646375,-35.728146,3
594416bb8c36c71fa9328d88,JUCEAL EXPRESS PENEDO,-9.646375,-35.728146,3
5944159a8c36c71fa9328d83,JUCEAL EXPRESS PORTO CALVO,-9.646375,-35.728146,3
5944187e8c36c71fa9328d90,JUCEAL EXPRESS POÇO DAS TRINCHEIRAS,-9.646375,-35.728146,3
594415da8c36c71fa9328d84,JUCEAL EXPRESS PÃO DE AÇUCAR,-9.646375,-35.728146,3
59441abb8c36c71fa9328d9c,JUCEAL EXPRESS RIO LARGO,-9.646375,-35.728146,3
594417378c36c71fa9328d8a,JUCEAL EXPRESS SANTANA DO IPANEMA,-9.646375,-35.728146,3
59441a548c36c71fa9328d9a,JUCEAL EXPRESS SANTANA DO MUNDAÚ,-9.646375,-35.728146,3
594418b08c36c71fa9328d91,JUCEAL EXPRESS SÃO JOSÉ DA LAGE,-9.646375,-35.728146,3
594418e28c36c71fa9328d92,JUCEAL EXPRESS SÃO JOSÉ DA TAPERA,-9.646375,-35.728146,3
594416e98c36c71fa9328d89,JUCEAL EXPRESS SÃO MIGUEL DOS CAMPOS,-9.646375,-35.728146,3
59441a918c36c71fa9328d9b,JUCEAL EXPRESS TEOTÔNIO VILELA,-9.646375,-35.728146,3
5944179a8c36c71fa9328d8c,JUCEAL EXPRESS UNIÃO DOS PALMARES,-9.646375,-35.728146,3
595fc35a8c36c763c3990fe7,JUDITH DO NASCIMENTO SILVA,-9.381338150740138,-35.836181938648224,0
595d3cc28c36c74cfe2db2d0,JUVENAL LOPES FERREIRA DE OMENA,-9.240392304590191,-36.021535992622375,0
595d188f8c36c74cfe2db2c4,LADISLAU NETO,-9.669942275181167,-35.7250090688467,0
5995bf528c36c70b278e96af,LIBERALINO BONFIM DE OLIVEIRA,-9.576942032560849,-35.808919966220856,0
59641de68c36c758cb87cca8,LIONS MACEIÓ PAJUÇARA,-9.659470685397588,-35.728528797626495,0
595d5c5d8c36c77d1a2a51a8,LUCILO JOSÉ RIBEIRO,-9.559617972396214,-37.38066226243973,0
595ea8d68c36c7380a7c5c9e,LUIZ AUGUSTO DE AZEVEDO MENEZES,-9.385438623027943,-38.000204265117645,0
595ea9f68c36c7380a7c5c9f,LUIZ BASTOS,-9.11761093241839,-37.604638785123825,0
595bf55b8c36c724e982c223,MAJOR EDUARDO EMILIANO DA FONSECA,-9.651585642784623,-35.761267840862274,0
595e66df8c36c7108907525b,MAJOR LUIZ CAVALCANTE,-8.841099850492641,-35.45655146241188,0
5995c0028c36c70b278e96b0,MANOEL DE ARAÚJO DÓRIA,-9.564934304601248,-35.74209004640579,0
595d3e7d8c36c74cfe2db2d1,MANOEL DE MATOS (INDICAÇÃO),-9.169927295482912,-36.21680751442909,0
595d5f1e8c36c77d1a2a51a9,MANOEL PEREIRA FILHO,-9.67216621986869,-37.33062967658043,0
59641f108c36c758cb87cca9,MANOEL SIMPLÍCIO DO NASCIMENTO,-9.644233507454452,-35.720903277397156,0
5964201d8c36c758cb87ccaa,MARCELO REZENDE,-9.622685465606176,-35.71009397506714,0
5995c0cb8c36c70b278e96b1,MARCOS ANTONIO CAVALCANTI SILVA,-9.547197003898408,-35.73026418685913,0
5995c2298c36c70b278e96b3,MARIA AMÁLIA,-9.586309881455744,-35.797791481018066,0
595d62168c36c77d1a2a51aa,MARIA DE LOURDES SANTOS DA SILVA,-9.66576417547955,-37.128614746034145,0
5995c2ba8c36c70b278e96b4,MARIA IVONE SANTOS DE OLIVEIRA,-9.546350584104655,-35.7844877243042,0
595bf67d8c36c724e982c224,MARIA RITA LYRA DE ALMEIDA,-9.67354616339481,-35.762735679745674,0
5995da6f8c36c722dcb81b72,MARIA ROSÁLIA AMBROZZIO,-9.640554735493208,-35.740791857242584,0
5995d0b28c36c722dcb81b6b,MARIA SALETE GUSMÃO DE ARAÚJO,-9.577307018526428,-35.780067443847656,0
59657fe18c36c73fccb67c8e,MISAEL GONÇALVES FERREIRA,-9.823738895233637,-35.88588058948517,0
595d3fbb8c36c74cfe2db2d2,MONSENHOR CLÓVIS DUARTE DE BARROS,-9.155358082989405,-36.03275030851364,0
595d414b8c36c74cfe2db2d3,MONSENHOR LUÍS CARLOS DE OLIVEIRA BARBOSA,-8.974207556600538,-35.93250274658203,0
595eaaed8c36c7380a7c5ca0,MONSENHOR SEBASTIÃO ALVES BEZERRA,-9.265610560030762,-37.937747687101364,0
5995db6c8c36c722dcb81b74,MOREIRA E SILVA,-9.64132687902361,-35.73906183242798,0
595ec03f8c36c7547a23a617,MÁRIO GOMES DE BARROS,-9.133177416036714,-35.74783265590668,0
595e6ff98c36c7108907525f,NOSSA SENHORA DA APRESENTAÇÃO,-9.059216014551305,-35.39359599351883,0
59600ebc8c36c7147542b52f,NOSSA SENHORA DO BOM CONSELHO,-9.626409916898393,-35.75152471661568,0
595ec0c08c36c7547a23a618,OLIVEIRA E SILVA,-9.608080799423862,-35.95278024673462,0
5995c5238c36c70b278e96b6,ONÉLIA CAMPELO,-9.558649914903098,-35.78519582748413,0
5995c80a8c36c722dcb81b63,OTACILIO HOLANDA DE ANDRADE,-9.606110578352013,-35.75028419494629,0
5995c8a98c36c722dcb81b64,OVÍDIO EDGAR DE ALBUQUERQUE,-9.576264956107613,-35.773614048957825,0
595ec1618c36c7547a23a619,OZÓRIA DE MOURA LIMA,-9.477857689789865,-35.85882782936096,0
596580c88c36c73fccb67c8f,PADRE AURÉLIO GOÉS,-9.907613130178675,-36.47935688495636,0
5995c92b8c36c722dcb81b65,PADRE CABRAL,-9.5902558318636,-35.78266382217407,0
595d43598c36c74cfe2db2d4,PADRE TEÓFANES AUGUSTO DE ARAÚJO BARROS,-9.008149761689154,-36.060036420822144,0
5995ca7f8c36c722dcb81b66,PASTOR JOSÉ TAVARES DE SOUZA,-9.604601830839112,-35.73741026222706,0
5995e1ba8c36c722dcb81b7a,PRINCESA ISABEL,-9.639486424406476,-35.73930323123932,0
5964328e8c36c76461139b5e,PROF ROSALVO LOBO,-9.65253862691563,-35.71255087852478,0
596435618c36c76c3d70e661,PROF THEOTÔNIO VILELA BRANDÃO,-9.656282844533095,-35.7130229473114,0
596434168c36c76461139b60,PROF VIRGINIO DE CAMPOS,-9.662073607586425,-35.71053922176361,0
5964286e8c36c758cb87ccb1,PROF. BENEDITO  MORAES,-9.669649573111638,-35.719685554504395,0
59642b538c36c76461139b59,PROF. CARLOS POVINA CAVALCANTE,-9.538605745365635,-35.62137722969055,0
59642c418c36c76461139b5a,PROF. EDUARDO ALMEIDA DA SILVA,-9.585057323266437,-35.662259459495544,0
59642d938c36c76461139b5b,PROF. EDUARDO DA MOTA TRIGUEIROS,-9.65621409514973,-35.714911222457886,0
595d7e4b8c36c77d1a2a51ba,PROF. ERNANI MÉRO,-10.287853971700974,-36.582322865724564,0
5995cb1e8c36c722dcb81b67,PROF. JOSÉ REMI LIMA,-9.56740729648247,-35.786180198192596,0
595d67158c36c77d1a2a51ad,PROF. JOSÉ SOARES FILHO,-9.559610037509923,-37.380647510290146,0
595d81bd8c36c77d1a2a51bb,PROF. JOÃO VALERIANO DE OLIVEIRA,-10.279239874474797,-36.56525194644928,0
596584a18c36c73fccb67c91,PROF. LIMA DE CASTRO,-10.150407460261999,-36.32862210273743,0
59642e898c36c76461139b5c,PROF. MARIO BROAD,-9.653130935298764,-35.71673512458801,0
59642fe88c36c76461139b5d,PROF. PEDRO TEIXEIRA DE VASCONCELOS,-9.64450005305326,-35.72800576686859,0
596011798c36c7147542b531,PROF. SEBASTIÃO DA HORA,-9.638685188871161,-35.73194861412048,0
5995ddab8c36c722dcb81b75,PROFESSOR AFRÂNIO LAGES,-9.641400920091188,-35.74180841445923,0
595ec2aa8c36c7547a23a61a,PROFESSOR ARTHUR RAMOS,-9.598052387070142,-35.95540210604668,0
595ac5258c36c76f44c8f7de,PROFESSOR EDMILSON DE VASCONCELOS PONTES,-9.654651893872392,-35.73825180530548,0
595e6b948c36c7108907525c,PROFESSOR GUEDES DE MIRANDA,-9.057637355187493,-35.397595167160034,0
5995df208c36c722dcb81b76,PROFESSOR JOSÉ DA SILVEIRA CAMERINO,-9.639150593242144,-35.73712795972824,0
595eadc68c36c7380a7c5ca2,PROFESSOR JOSÉ SENA DIAS,-9.483117092373453,-37.66906142234802,0
595d45458c36c74cfe2db2d5,PROFESSOR LOUREIRO,-9.301092008204748,-35.952487885951996,0
595d84818c36c72017d8dc22,PROFESSOR PEDRO REYS,-10.130176862226786,-36.65257394313812,0
595e72a38c36c71089075261,PROFESSOR SEBASTIÃO FELISBERTO DE CARVALHO,-9.40274634194069,-35.510367304086685,0
5964336f8c36c76461139b5f,PROFESSOR THEONILO GAMA,-9.647160207602962,-35.71973383426666,0
596013778c36c7147542b532,PROFESSORA ADEILZA MARIA OLIVEIRA,-9.616125529371429,-35.74961431324482,0
5953f0ac8c36c754e1f3654e,PROFESSORA AURELINA PALMEIRA DE MELO,-9.659009540043348,-35.757885575294495,0
5995cf3f8c36c722dcb81b69,PROFESSORA IRENE GARRIDO,-9.567341173938974,-35.751142501831055,0
595c691b8c36c75bb1429b83,PROFESSORA JOSEFA DE SOUZA LIMA,-9.307344036504576,-37.28727042675018,0
596436038c36c76c3d70e662,PROFESSORA JULIETA RAMOS PEREIRA,-9.465888280321263,-35.548551231622696,0
5995e09f8c36c722dcb81b78,PROFESSORA LAURA DANTAS SANTOS DA SILVA,-9.64243220469953,-35.73980212211609,0
595d29538c36c74cfe2db2c5,PROFESSORA LAURA MARIA CHAGAS DE ASSIS,-9.367677499052224,-37.2433465719223,0
595e6dbf8c36c7108907525d,PROFESSORA MARIA ANTONIA DE OLIVEIRA SANTOS,-9.152627944183658,-35.52971139550209,0
5995e1128c36c722dcb81b79,PROFESSORA MARIA JOSÉ LOUREIRO,-9.639851342930427,-35.735891461372375,0
595e6f008c36c7108907525e,PROFESSORA MARIA MARGARIDA SILVA PUGLIESI,-9.309813583352357,-35.5634106695652,0
595d85ff8c36c722082fbe0b,PROFESSORA RUTH MENDONÇA,-10.2844073053616,-36.56000554561615,0
595bf72c8c36c724e982c225,PROFESSORA.ANAIAS DE LIMA ANDRADE,-9.656187124201674,-35.754040628671646,0
5995cff18c36c722dcb81b6a,PROFª  BENEDITA DE CASTRO LIMA,-9.570086571124762,-35.785938799381256,0
596424088c36c758cb87ccad,PROFª  EROTILDES RODRIGUES  SALDANHA,-9.627633233023394,-35.72397440671921,0
596422d18c36c758cb87ccac,PROFª ANA COELHO PALMEIRA,-9.6610471426132,-35.720099955797195,0
595fc1da8c36c763c3990fe6,PROFª CLAUDIZETE LIMA ELEUTÉRIO,-9.533921196379978,-35.80497309565544,0
595eb86d8c36c7547a23a60d,PROFª DORALICE DA SILVA MOURA,-9.477487306287868,-35.8223819732666,0
5995cbb98c36c722dcb81b68,PROFª GILVANA ATAÍDE CAVALCANTE CABRAL,-9.577264701333132,-35.74968338012695,0
595c09648c36c733bfdb2287,PROFª GUIOMAR DE ALMEIDA PEIXOTO,-9.65992125340744,-35.75150191783905,0
59600fba8c36c7147542b530,PROFª JOSEFA CONCEIÇÃO DA COSTA,-9.604833234268414,-35.73731303215027,0
596424ab8c36c758cb87ccae,PROFª MALBA LINS COSTA,-9.62222797196119,-35.72324484586716,0
5995c19b8c36c70b278e96b2,PROFª MARGAREZ MARIA SANTOS LACET,-9.58315731972819,-35.77374815940857,0
5995c4578c36c70b278e96b5,PROFª MARIA LÚCIA LINS DE FREITAS,-9.578011863501793,-35.76910860836506,0
5964270b8c36c758cb87ccb0,PROFª MIRAN MARROQUIM DE QUINTELA CAVALCANTE,-9.634247420144147,-35.72232350707054,0
5995d3b78c36c722dcb81b6d,PROFª ROSALVA PEREIRA VIANA,-9.570599677580235,-35.750885009765625,0
595bf8498c36c724e982c226,PROFº ANÍISIO TEIXEIRA,-9.673198996711687,-35.74946075677872,0
5995dfb78c36c722dcb81b77,PROFº JOSÉ VITORINO DA ROCHA,-9.640052312383752,-35.73997378349304,0
595c07d98c36c733bfdb2285,PROFº LUIZ CARLOS,-9.675372418377863,-35.75812429189682,0
595fc0d08c36c763c3990fe5,PROFº MANOEL GENTIL DO VALE BENTES,-9.571885085195852,-35.82127287983894,0
57c98a168c36c77182000000,Polícia Federal - Central Já! Maceió Shopping,-9.646375,-35.728146,1
5750527c8c36c71ba400000d,Posto de Identificação de Batalha,-9.646375,-35.728146,2
5750529a8c36c71ba400000e,Posto de Identificação de Campo Grande,-9.646375,-35.728146,2
57504f6c8c36c71ba4000001,Posto de Identificação de Coruripe,-9.646375,-35.728146,2
57504f988c36c71ba4000002,Posto de Identificação de Delmiro Gouveia,-9.646375,-35.728146,2
57504fc38c36c71ba4000003,Posto de Identificação de Matriz do Camaragibe,-9.646375,-35.728146,2
575050408c36c71ba4000004,Posto de Identificação de Olho d'Água das Flores,-9.646375,-35.728146,2
575052de8c36c71ba400000f,Posto de Identificação de Piranhas,-9.646375,-35.728146,2
575050988c36c71ba4000006,Posto de Identificação de Porto de Pedras,-9.646375,-35.728146,2
575050738c36c71ba4000005,Posto de Identificação de Pão de Açúcar,-9.646375,-35.728146,2
575050f88c36c71ba4000007,Posto de Identificação de Santana do Ipanema,-9.646375,-35.728146,2
5750511c8c36c71ba4000008,Posto de Identificação de São José da Tapera,-9.646375,-35.728146,2
575051688c36c71ba4000009,Posto de Identificação de São Luiz do Quitunde,-9.646375,-35.728146,2
575051ad8c36c71ba400000a,Posto de Identificação de Teotônio Vilela,-9.646375,-35.728146,2
575051d18c36c71ba400000b,Posto de Identificação de União dos Palmares,-9.159142254932814,-36.0307313633881,2
5750524a8c36c71ba400000c,Posto de Identificação de Viçosa,-9.646375,-35.728146,2
59384ebc8c36c70f36240603,Procon,-9.644259565728385,-35.736493034454384,1
57505e348c36c71ba400001f,Procon -  Central Já! Porto Calvo,-9.049908181263211,-35.411590933799744,0
57505edb8c36c71ba4000021,Procon -  Central Já! São Miguel dos Campos,-9.780262640251046,-36.09750688076019,0
57505cbc8c36c71ba4000019,Procon - Central  Já! Shopping Pátio,-9.55841715749948,-35.746169686317444,0
57505df48c36c71ba400001e,Procon - Central Já! Arapiraca,-9.752786613429421,-36.65839431133736,0
57505b2d8c36c71ba4000018,Procon - Central Já! Maceió Shopping,-9.648723116495296,-35.715705914588966,0
57d2b13f8c36c70900000001,Procon - Central Já! Penedo,-9.646375,-35.728146,0
575057f78c36c71ba4000017,Procon - Central Já! Shopping Farol,-9.628208275988676,-35.738434953781166,0
57505dac8c36c71ba400001d,Procon - Delmiro Gouveia,-9.386127984532958,-37.99273565411568,0
57505d3f8c36c71ba400001b,Procon - Faculdade Maurício de Nassau,-9.659186171063192,-35.70053189992905,0
57505d758c36c71ba400001c,"Procon - Faculdade Seune, Núcleo de Prática Jurídica da Seune",-9.659614528595641,-35.732530653476715,0
575057588c36c71ba4000016,Procon - Farol,-9.644203891407257,-35.7364895939827,0
57505f058c36c71ba4000022,Procon - Palmeira do Índios,-9.40614400977599,-36.63064286112785,0
592de8658c36c75b355a9040,Prédio Sede,-9.662361965029456,-35.74052707681278,11
595d321e8c36c74cfe2db2cb,ROCHA CAVALCANTI,-9.16005832133526,-36.03386610746384,0
5995d1408c36c722dcb81b6c,ROMEU DE AVELAR,-9.571049306311503,-35.76847493648529,0
595cf7058c36c73f1331e291,ROSA MARIA PAULINA DA FONSECA,-9.710703617734225,-35.89827373623848,0
59600d588c36c7147542b52e,ROSALVO RIBEIRO,-9.624939604505052,-35.75513832271099,0
595d68008c36c77d1a2a51ae,ROSÁLIA SAMPAIO BEZERRA,-9.745933279813755,-37.43485428392887,0
595d2e558c36c74cfe2db2c8,ROTARY,-9.374050066788735,-37.248008251190186,0
5995d5858c36c722dcb81b6e,ROTARY,-9.576836239454023,-35.76976642012596,0
595e96d78c36c7380a7c5c96,RUBENS NUNES DE OLIVEIRA,-9.22012320583451,-37.74824693799019,0
596586138c36c73fccb67c92,RUI BARBOSA,-9.68219401543005,-36.30392700433731,0
599db3e78c36c71bf1363749,Restaurante Popular Prato Cheio,-9.54880255066644,-35.72729900479317,1
595d6b4d8c36c77d1a2a51af,SAMPAIO DÓRIA,-9.828365886032623,-37.279312312603,0
595d87ac8c36c723488277d1,SAMPAIO MARQUES,-10.126945002216859,-36.899439096450806,0
59b0190c8c36c7456807bbe5,SAMU 192 - Serviço de Atendimento Movel de Urgencia,-9.645086029273845,-35.738375186920166,0
596008e98c36c7147542b52c,SANTA TEREZA D'ÁVILA,-9.609117474899861,-35.74273109436035,0
595fc5788c36c763c3990fe8,SANTOS DUMONT,-9.528482700834036,-35.802644938230515,0
595e71588c36c71089075260,SATURNINO DE SOUZA,-9.153599780671623,-35.53198724985123,0
588f7c078c36c73b35efc462,"SECTI - Sede da Secretaria de Ciência, da Tecnologia e da Inovação",-9.671866612921114,-35.72333989664912,2
575055068c36c71ba4000010,SEFAZ - Central Já! Maceió Shopping,-9.648733693559604,-35.715716643425026,7
5758501f8c36c76a16000006,SEFAZ - Central Já! Porto Calvo,-9.050153370624109,-35.41338451463196,7
575055cb8c36c71ba4000012,SEFAZ - Central Já! Shopping Farol,-9.628205487562214,-35.73844224214554,7
575055818c36c71ba4000011,SEFAZ - Central Já! Shopping Pátio Maceió,-9.558623465206175,-35.746400356292725,7
5750566f8c36c71ba4000014,SEFAZ - Jacarecica,-9.622858413974054,-35.6949046254158,34
5750560b8c36c71ba4000013,SEFAZ - SEDE,-9.659166263776013,-35.73918966230133,14
575850578c36c76a16000007,SEFAZ Arapiraca,-9.752783641826898,-36.658399768449954,1
576c27ab8c36c7415f000000,SEMARH - Central Já! Arapiraca,-9.75276945913194,-36.658430371038094,1
576c23b58c36c73354000000,SEMARH - Central Já! Penedo,-10.290702853179834,-36.58580772578716,1
576c25398c36c7414d000000,SEMARH - Central Já! Porto Calvo,-9.05014526537278,-35.41341380997255,1
595d8ae18c36c7254039cfe0,SENADOR ARNON DE MELLO,-10.293765471048875,-36.30307137966156,0
57b496e28c36c70422000006,SEPLAG - Central Já! Arapiraca,-9.752788810051058,-36.65839413752087,4
57b495478c36c70422000004,SEPLAG - Central Já! Maceió Shopping,-9.648773213557078,-35.71571588516235,4
57b4946d8c36c70422000002,SEPLAG - Central Já! Shopping  Maribondo,-9.579311027315146,-36.30608343326355,4
57b494f38c36c70422000003,SEPLAG - Central Já! Shopping Farol,-9.628209454202588,-35.738438218832016,4
57b495908c36c70422000005,SEPLAG - Central Já! Shopping Pátio,-9.558602305447135,-35.746400356292725,4
56d72e7c8c36c7398300000b,SEPLAG - Escola de Governo do Estado de Alagoas,-9.664815735664986,-35.73907868394474,0
56d729cb8c36c73983000002,SEPLAG - Unidade Gestão,-9.665333986656842,-35.74011938104252,6
56d7307d8c36c7398300000c,SEPLAG - Unidade Perícia Médica e Saúde Ocupacional,-9.645070043052275,-35.70123942026714,18
56d723c38c36c73983000001,SEPLAG - Unidade Planejamento,-9.660251919506956,-35.74114398488621,0
57585e8d8c36c76a16000008,SINE - Central Já! Maceió Shopping,-9.648741482366848,-35.71571588516235,10
577e9cee8c36c73226000000,SMTT - Central Já! Maceió Shopping,-9.648770569291344,-35.715825855731964,3
595ceb598c36c71f162c17c1,SURHU/GEDEP/SUPPES/SUPDEP,-9.646375,-35.728146,4
577645378c36c732b3000000,Sala do Empreendedor - SEBRAE - Central Já! Shopping Pátio Maceió,-9.55842244744225,-35.746169686317444,7
594d46a88c36c757a5e5e974,"Secretaria de Estado da Agricultura, Pecuária, Pesca e Aquicultura",-9.65965962364924,-35.74075238237003,1
5936d6238c36c7228037ef63,Secretaria de Estado da Educação - SEDE,-9.640374920992661,-35.736122131347656,22
5757f4bf8c36c75fd9000006,Sede da Defensoria Pública - Maceió,-9.620128246074213,-35.73885353926096,0
588f630f8c36c71aae1e26b4,Semarh - Sede - Maceió,-9.646375,-35.728146,4
575073938c36c74a20000000,Sine -  Central Já! Shopping Farol,-9.628210776416038,-35.73843687772751,10
575075188c36c74a20000003,Sine - Arapiraca,-9.646375,-35.728146,0
575076248c36c74a20000006,Sine - Central Já! Penedo,-9.646375,-35.728146,10
575077a18c36c7578f000003,Sine - Central Já! Shopping Pátio Maceió,-9.558475346865318,-35.746142864227295,10
575076bb8c36c7578f000000,Sine - Central Já! São Miguel dos Campos,-9.780331364147507,-36.09735667705536,10
575075e98c36c74a20000005,Sine - Delmiro Gouveia,-9.646375,-35.728146,0
575073ec8c36c74a20000001,Sine - Jaraguá,-9.646375,-35.728146,0
575074898c36c74a20000002,Sine - Mangabeiras,-9.648717827963,-35.715705914588966,0
575075568c36c74a20000004,Sine - Maragogi,-9.646375,-35.728146,0
575076618c36c7516d000000,Sine - Santana do Ipanema,-9.646375,-35.728146,0
5750772d8c36c7578f000002,Sine -Palmeira dos Índios,-9.646375,-35.728146,0
575076fc8c36c7578f000001,Sine -União dos Palmares,-9.646375,-35.728146,0
5912016b8c36c76d9f5f011a,Superintendência de Atividades Técnicas - SAT,-9.671293815670927,-35.75586931237797,3
594af1048c36c751e983dd48,"Superintendência de Indústria, Comércio e Serviços/SICS - SEDETUR",-9.646375,-35.728146,1
595fc6598c36c763c3990fe9,TABULEIRO DO PINTO,-9.503910519700074,-35.813530683517456,0
595c087c8c36c733bfdb2286,TARCÍSIO DE JESUS,-9.673551451557143,-35.76274372637272,0
596587678c36c73fccb67c93,TARCÍSIO SOARES PALMEIRA,-9.780039551747707,-36.098971366882324,0
595c12818c36c73b755f74db,TAVARES BASTOS,-9.653463050550478,-35.733565986156464,0
5995e2cc8c36c722dcb81b7b,TEOTÔNIO VILELA,-9.63898399970585,-35.73811233043671,0
595cf66f8c36c73f1331e290,THOMAZ ESPÍNDOLA,-9.656911107414007,-35.751504600048065,0
594af4d88c36c751e983dd4c,Unidade Regional de Alagoas - REINPI/AL - SEDETUR,-9.646375,-35.728146,7
595fc7888c36c763c3990fea,VALDECY GOMES DE VASCONCELOS,-9.597629240779874,-35.9542179107666,0
595eae5f8c36c7380a7c5ca3,WATSON CLEMENTINO DE GUSMÃO SILVA,-9.383524016801056,-38.00889730453491,0
599dd6028c36c73ba808f126,teste,-9.646375,-35.728146,0
599ddc038c36c73ba808f12d,teste1,-9.683168064805141,-35.64411163330078,0
